,tweets
0, 'guess the autograph! \n\ncan you guess the footballer who signed this shirt?...hint: he has irish ancestry and has won the world cup ğŸ†\n\n
1, 'are you okay nadir ali
2, 'holy grail of world cup tickets #worldcup2022 #worldcup #memorabilia #ticket 
3, 'they define hardwork and talent ğŸ’¯ğŸ¤.\n\n#ronaldo #messi #football #era #champions #ucl #portugal  #argentina #worldcup2022 
4, 'this is for you indians\ni like when you compare babar with virat and i wish you will continue it. because babar is and will be  breaking records of virat.\n#pakvnz #ipl #babarazamğ“ƒµ #viratkohli #bcci #indians #worldcup2022 #indian #srkğ“ƒµ #srhvskkr 
5, 'back to back blockbuster games !!! #worldcup2022\n\nwhat a night\nweekend cant better'
6, 'happy birthday the mother of la joya ğŸ’ğŸ‘‘  alicia we all loves u soo muchhh â¤ï¸ god bless you
7, 'still affected by the world cupâ¤ï¸ğŸ‡²ğŸ‡¦ #morocco #football #worldcup2022 
8, 'we will never forget how nico cantor showed stunning passion and love for our beloved team of morocco ğŸ‡²ğŸ‡¦ i get goose bumps every time i watch this video
9, 'merci @nicocantor1 pour ce moment  et cette vidÃ©o qui restera un grand souvenir ğŸ‡²ğŸ‡¦ 
10," ""in walsh's tenure"
11, 'a historic performance deserves some historic appreciation ğŸ™ŒğŸ¼ #lovindoha #messi #worldcup2022 via @thescudman ğŸ‡¶ğŸ‡¦ 
12, 'catch your cheating spouse #cheat #betrayal #unfaithful #worldcup2022\n#100daysofcode #spying #investigating #javascript #housewifeday #cheating #cheatingwife #cheatingboyfriend #cheatingpartner #cheatinghousewife #cheatingmen t\n\nis there any hacking attempts on your 
13, 'favorite moment in world cup 2022ğŸ‡µğŸ‡°â¤ï¸â¤ï¸\n#babarazamğ“ƒµ #rizwan #shaheenafridi #worldcup2022 
14, 'stream to 2b for jungkook \n#streamforjungkook \n#jungkook #kookie #jeonjungkook #dreamers #worldcup2022 #qatar2022 
15, 'todayâ€™s running ğŸƒğŸ»\u200dâ™‚ï¸ kit. #ï¸âƒ£7ï¸âƒ£7ï¸âƒ£\nâ€˜lamb of godâ€™ ğŸ‘ğŸ¤˜ğŸ» in the ears ğŸ§
16, 'ğŸ•Œeid prayers will be hosted at the education city stadium for the first time ever
17, 'for the first time ever
18," ""afghani bowler took buttler's wicket"
19, 'âšªï¸englandâšªï¸\ndefensive transition report \n\nâš½ï¸world cup qatar 2022\nğŸ†š england vs iran\nğŸ•’ 21.11.2022 16:00\nğŸŸï¸ al thumama stadium\n\ndata collected by @hudl sportscode\n\n#football #worldcup2022 #england #iran 
20, 'cause $alpine #sports #football #crypto project pumping!\n\ni expect #p2e #nft #predictipn project $nfrb good movement!\n\n#football seems to be possible meta even if the #worldcup2022 is over!\n\ndaily just breaking out ğŸŒï¸\u200dâ™‚ï¸ 
21, 'bringing the quran to latin america | vlog #9 #worldcup2022 
22, '$nrfb gearing up! fan token 
23," ""@amitttrmfc wanted to make a compilation of cristiano's goals in the world cup 2022. apparently you can't make a compilation with 1 pk goal. pendu ruined my mood. ğŸ˜­ğŸ˜­ "
24, 'world cup 2022 vibes were unmatched ğŸ˜‚ 
25, 'the media mentioned jungkook again for his impact with dreamers: \n\n&lt; (...) there are a tremendous amount of fans waiting for their favourite k-pop idols to bless the sands of qatar
26, 'nostalgic for world cup 2022?\n\nkick off your visit to qatar today with #qatarairways and hayya\n\n@hiaqatar \n@visitqatar 
27, 'lionel messi in world cup 2022:\n\nğŸ‡¸ğŸ‡¦ saudi arabia: âš½ï¸\nğŸ‡²ğŸ‡½ mexico: âš½ï¸ğŸ…°ï¸ + motm\nğŸ‡µğŸ‡± poland:âŒï¸\nğŸ‡¦ğŸ‡º australia: âš½ï¸ + motm\nğŸ‡³ğŸ‡± netherlands: âš½ï¸ğŸ…°ï¸ + motm\nğŸ‡­ğŸ‡· croatia: âš½ï¸ğŸ…°ï¸ + motm\nğŸ‡«ğŸ‡· france: âš½ï¸âš½ï¸ + motm\n\none of the best world cup performances ever. ğŸ 
28, 'most runs for india in asia cup 2022.\nmost runs in t20 world cup 2022.\nmost runs for india in bgt 2023.\nmost runs for rcb in ipl 2023. \n\nking kohli has been in some ridiculous touch since asia cup 2022. 
29, 'project file by recailed yassine bounou bono morocco world cup 2022 wc soccer football sevilla fc fancam edit 
30, 'if the talks are to believed
31, 'media: â€œthe hallyu wave has finally arrived in qatarâ€¦there are a tremendous amount of fans waiting for their favourite k-pop idols to bless the sands of qatar
32, 'a flying finish from freddie ğŸ‡¸ğŸ‡ª\n\n@freddie | #fifaworldcup 
33, 'almost 4 months since he won world cup 2022
34, 'ğŸš¨rudi garcia apparently played the world cup 2022 theme song through the speaker in the dressing room of al nassr. cristiano immediately asked him to stop it and walked out of the room. this is why al nassr have sacked him. @marcağŸ… 
35, 'back in action ğŸ”™\n\nsaudi arabia and al hilal full-back al shahrani played his opening minutes since injury at world cup 2022 ğŸŸ\n\n#roshnsaudileague | @alhilal_en | @iyasser12 
36, 'only player to score both in champions league and world cup final and win the both trophies (being to both finals more than once)\nwon:\nworld cup(2022) and\nucl (2006
37, 'most runs for india in asia cup 2022.\nmost runs in t20 world cup 2022.\nmost runs for india in bgt 2023.\nmost runs for rcb in ipl 2023. \n\nking kohli has been in some ridiculous touch since asia cup 2022. 
38, 'consistent kohli !!\nâ€¢most runs for india in asia cup 2022.\nâ€¢most runs in t20 world cup 2022.\nâ€¢most runs for india in bgt 2023.\nâ€¢most runs for rcb in ipl 2023. 
39, 'most runs for india in asia cup 2022.\nmost runs in t20 world cup 2022.\nmost runs for india in bgt 2023.\nmost runs for rcb in ipl 2023. \n\nking kohli has been in some ridiculous touch since asia cup 2022. 
40, 'most runs for india in asia cup 2022.\nmost runs in t20 world cup 2022.\nmost runs for india in bgt 2023.\nmost runs for rcb in ipl 2023. \n\ngood morning ğŸŒ„\n\n#viratkohliğ“ƒµ 
41, 'ğŸ‡¯ğŸ‡µ @okazakiofficial has a habit of being in the right place at the right time\n\n#fifaworldcup 
42, '@arfasays_ babar is class against b teams
43, 'most runs for india in asia cup 2022.\nmost runs in t20 world cup 2022.\nmost runs for india in bgt 2023.\nmost runs for rcb in ipl 2023. \n\n#kingkohli has been in some ridiculous touch since #asiacup 2022. 
44," ""@apmassaro3 maybe because of this? on this selfie"
45, 'ğŸ‡¦ğŸ‡·messi in world cup 2022ğŸ†:\n\nâš½ï¸7 goals(1.00)\nğŸ…°ï¸3 assists(0.42)\nğŸ”‘21 chances created(3.00)\nğŸ”7 big chances(1.00)\nğŸ›¡ï¸5 defensive actions(0.72)\nğŸ§²15 dribbles(2.14)\nğŸ¤•22 fouls won(3.15)\nğŸ¥…32 shoots(4.60)\n\nğŸ¥ˆdeputy gunner\nğŸ…assistance leader\nğŸ–ï¸pott\nğŸ†champion 
46, 'karena si gubernur juga doyan sepedaan
47, '&amp; really this was happened in world cup 2022ğŸ¤£ 
48," ""pakistan have never been knocked out in the group stages/first round of a multi-nation tournament under babar azam's captaincy. have faith ğŸ‡µğŸ‡°ğŸ’š\n\nt20 world cup 2021 semifinals ğŸ¥‰\nasia cup 2022 final ğŸ¥ˆ\ntri-series in new zealand winner ğŸ†ğŸ…\nt20 world cup 2022 final ğŸ¥ˆ "
49, 'somebody was waiting patiently for their close-up ğŸ¦ğŸ˜‚\n\n#fifaworldcup 
50, 'drop your favorite moment from qatar world cup 2022 
51," ""âœ¨jeon jungkook best solo performer âœ¨\n\n#jungkook is truly a history maker"
52, 'snapchat ai has a different idea on who won the world cup 2022. 
53, 'whatâ€™s the biggest iâ€™m not him moment in football?'
54, 'ronaldo vs south korea ğŸ‡°ğŸ‡· (world cup 2022)\n\n0 goals\n0 assists\n0 chances created\n0 successful dribbles\n0 tackles\n0 ground duels won\n0 key passes\n0 crosses\n0 long balls\n8 possessions lost\n1 big chance missed\n1 error leading to goal 
55, 'palestine automatically took centre stage in qatar world cup 2022
56, 'remember when ramsdale comforted jude after the eng vs fra quarterfinal - world cup 2022 ğŸ¥º 
57, 'alexis was inarguably the best player of the world cup 2022 final
58," ""pov : it's year 2050 and ronaldo is still playing to prove himself whereas it's 28th anniversary of messi winning the world cup 2022 "
59, 'moonxbt issues fifa world cup 2022 champion derivative 
60, 'consistent kohli !!\nâ€¢most runs for india in asia cup 2022.\nâ€¢most runs in t20 world cup 2022.\nâ€¢most runs for india in bgt 2023.\nâ€¢most runs for rcb in ipl 2023. 
61, 'too small
62," ""[stream] ğŸµ\n\nel mv de dreamers"
63, 'throwback when achraf hakimiâ€™s wife was upset at the world cup 2022 that he celebrated the win with his mum
64, 'guess the autograph! \n\ncan you guess the footballer who signed this shirt?...hint: he has irish ancestry and has won the world cup ğŸ†\n\n
65, 'are you okay nadir ali
66, 'holy grail of world cup tickets #worldcup2022 #worldcup #memorabilia #ticket 
67, 'they define hardwork and talent ğŸ’¯ğŸ¤.\n\n#ronaldo #messi #football #era #champions #ucl #portugal  #argentina #worldcup2022 
68, 'this is for you indians\ni like when you compare babar with virat and i wish you will continue it. because babar is and will be  breaking records of virat.\n#pakvnz #ipl #babarazamğ“ƒµ #viratkohli #bcci #indians #worldcup2022 #indian #srkğ“ƒµ #srhvskkr 
69, 'back to back blockbuster games !!! #worldcup2022\n\nwhat a night\nweekend cant better'
70, 'happy birthday the mother of la joya ğŸ’ğŸ‘‘  alicia we all loves u soo muchhh â¤ï¸ god bless you
71, 'still affected by the world cupâ¤ï¸ğŸ‡²ğŸ‡¦ #morocco #football #worldcup2022 
72, 'we will never forget how nico cantor showed stunning passion and love for our beloved team of morocco ğŸ‡²ğŸ‡¦ i get goose bumps every time i watch this video
73, 'merci @nicocantor1 pour ce moment  et cette vidÃ©o qui restera un grand souvenir ğŸ‡²ğŸ‡¦ 
74," ""in walsh's tenure"
75, 'a historic performance deserves some historic appreciation ğŸ™ŒğŸ¼ #lovindoha #messi #worldcup2022 via @thescudman ğŸ‡¶ğŸ‡¦ 
76, 'catch your cheating spouse #cheat #betrayal #unfaithful #worldcup2022\n#100daysofcode #spying #investigating #javascript #housewifeday #cheating #cheatingwife #cheatingboyfriend #cheatingpartner #cheatinghousewife #cheatingmen t\n\nis there any hacking attempts on your 
77, 'favorite moment in world cup 2022ğŸ‡µğŸ‡°â¤ï¸â¤ï¸\n#babarazamğ“ƒµ #rizwan #shaheenafridi #worldcup2022 
78, 'stream to 2b for jungkook \n#streamforjungkook \n#jungkook #kookie #jeonjungkook #dreamers #worldcup2022 #qatar2022 
79, 'todayâ€™s running ğŸƒğŸ»\u200dâ™‚ï¸ kit. #ï¸âƒ£7ï¸âƒ£7ï¸âƒ£\nâ€˜lamb of godâ€™ ğŸ‘ğŸ¤˜ğŸ» in the ears ğŸ§
80, 'ğŸ•Œeid prayers will be hosted at the education city stadium for the first time ever
81, 'for the first time ever
82," ""afghani bowler took buttler's wicket"
83, 'âšªï¸englandâšªï¸\ndefensive transition report \n\nâš½ï¸world cup qatar 2022\nğŸ†š england vs iran\nğŸ•’ 21.11.2022 16:00\nğŸŸï¸ al thumama stadium\n\ndata collected by @hudl sportscode\n\n#football #worldcup2022 #england #iran 
84, 'cause $alpine #sports #football #crypto project pumping!\n\ni expect #p2e #nft #predictipn project $nfrb good movement!\n\n#football seems to be possible meta even if the #worldcup2022 is over!\n\ndaily just breaking out ğŸŒï¸\u200dâ™‚ï¸ 
85, 'bringing the quran to latin america | vlog #9 #worldcup2022 
86, '$nrfb gearing up! fan token 
87," ""@amitttrmfc wanted to make a compilation of cristiano's goals in the world cup 2022. apparently you can't make a compilation with 1 pk goal. pendu ruined my mood. ğŸ˜­ğŸ˜­ "
88, 'world cup 2022 vibes were unmatched ğŸ˜‚ 
89, 'the media mentioned jungkook again for his impact with dreamers: \n\n&lt; (...) there are a tremendous amount of fans waiting for their favourite k-pop idols to bless the sands of qatar
90, 'nostalgic for world cup 2022?\n\nkick off your visit to qatar today with #qatarairways and hayya\n\n@hiaqatar \n@visitqatar 
91, 'lionel messi in world cup 2022:\n\nğŸ‡¸ğŸ‡¦ saudi arabia: âš½ï¸\nğŸ‡²ğŸ‡½ mexico: âš½ï¸ğŸ…°ï¸ + motm\nğŸ‡µğŸ‡± poland:âŒï¸\nğŸ‡¦ğŸ‡º australia: âš½ï¸ + motm\nğŸ‡³ğŸ‡± netherlands: âš½ï¸ğŸ…°ï¸ + motm\nğŸ‡­ğŸ‡· croatia: âš½ï¸ğŸ…°ï¸ + motm\nğŸ‡«ğŸ‡· france: âš½ï¸âš½ï¸ + motm\n\none of the best world cup performances ever. ğŸ 
92, 'most runs for india in asia cup 2022.\nmost runs in t20 world cup 2022.\nmost runs for india in bgt 2023.\nmost runs for rcb in ipl 2023. \n\nking kohli has been in some ridiculous touch since asia cup 2022. 
93, 'project file by recailed yassine bounou bono morocco world cup 2022 wc soccer football sevilla fc fancam edit 
94, 'if the talks are to believed
95, 'media: â€œthe hallyu wave has finally arrived in qatarâ€¦there are a tremendous amount of fans waiting for their favourite k-pop idols to bless the sands of qatar
96, 'a flying finish from freddie ğŸ‡¸ğŸ‡ª\n\n@freddie | #fifaworldcup 
97, 'almost 4 months since he won world cup 2022
98, 'ğŸš¨rudi garcia apparently played the world cup 2022 theme song through the speaker in the dressing room of al nassr. cristiano immediately asked him to stop it and walked out of the room. this is why al nassr have sacked him. @marcağŸ… 
99, 'back in action ğŸ”™\n\nsaudi arabia and al hilal full-back al shahrani played his opening minutes since injury at world cup 2022 ğŸŸ\n\n#roshnsaudileague | @alhilal_en | @iyasser12 
100, 'only player to score both in champions league and world cup final and win the both trophies (being to both finals more than once)\nwon:\nworld cup(2022) and\nucl (2006
101, 'most runs for india in asia cup 2022.\nmost runs in t20 world cup 2022.\nmost runs for india in bgt 2023.\nmost runs for rcb in ipl 2023. \n\nking kohli has been in some ridiculous touch since asia cup 2022. 
102, 'consistent kohli !!\nâ€¢most runs for india in asia cup 2022.\nâ€¢most runs in t20 world cup 2022.\nâ€¢most runs for india in bgt 2023.\nâ€¢most runs for rcb in ipl 2023. 
103, 'most runs for india in asia cup 2022.\nmost runs in t20 world cup 2022.\nmost runs for india in bgt 2023.\nmost runs for rcb in ipl 2023. \n\nking kohli has been in some ridiculous touch since asia cup 2022. 
104, 'most runs for india in asia cup 2022.\nmost runs in t20 world cup 2022.\nmost runs for india in bgt 2023.\nmost runs for rcb in ipl 2023. \n\ngood morning ğŸŒ„\n\n#viratkohliğ“ƒµ 
105, 'ğŸ‡¯ğŸ‡µ @okazakiofficial has a habit of being in the right place at the right time\n\n#fifaworldcup 
106, 'guess the autograph! \n\ncan you guess the footballer who signed this shirt?...hint: he has irish ancestry and has won the world cup ğŸ†\n\n
107, 'are you okay nadir ali
108, 'holy grail of world cup tickets #worldcup2022 #worldcup #memorabilia #ticket 
109, 'they define hardwork and talent ğŸ’¯ğŸ¤.\n\n#ronaldo #messi #football #era #champions #ucl #portugal  #argentina #worldcup2022 
110, 'this is for you indians\ni like when you compare babar with virat and i wish you will continue it. because babar is and will be  breaking records of virat.\n#pakvnz #ipl #babarazamğ“ƒµ #viratkohli #bcci #indians #worldcup2022 #indian #srkğ“ƒµ #srhvskkr 
111, 'back to back blockbuster games !!! #worldcup2022\n\nwhat a night\nweekend cant better'
112, 'happy birthday the mother of la joya ğŸ’ğŸ‘‘  alicia we all loves u soo muchhh â¤ï¸ god bless you
113, 'still affected by the world cupâ¤ï¸ğŸ‡²ğŸ‡¦ #morocco #football #worldcup2022 
114, 'we will never forget how nico cantor showed stunning passion and love for our beloved team of morocco ğŸ‡²ğŸ‡¦ i get goose bumps every time i watch this video
115, 'merci @nicocantor1 pour ce moment  et cette vidÃ©o qui restera un grand souvenir ğŸ‡²ğŸ‡¦ 
116," ""in walsh's tenure"
117, 'a historic performance deserves some historic appreciation ğŸ™ŒğŸ¼ #lovindoha #messi #worldcup2022 via @thescudman ğŸ‡¶ğŸ‡¦ 
118, 'catch your cheating spouse #cheat #betrayal #unfaithful #worldcup2022\n#100daysofcode #spying #investigating #javascript #housewifeday #cheating #cheatingwife #cheatingboyfriend #cheatingpartner #cheatinghousewife #cheatingmen t\n\nis there any hacking attempts on your 
119, 'favorite moment in world cup 2022ğŸ‡µğŸ‡°â¤ï¸â¤ï¸\n#babarazamğ“ƒµ #rizwan #shaheenafridi #worldcup2022 
120, 'stream to 2b for jungkook \n#streamforjungkook \n#jungkook #kookie #jeonjungkook #dreamers #worldcup2022 #qatar2022 
121, 'todayâ€™s running ğŸƒğŸ»\u200dâ™‚ï¸ kit. #ï¸âƒ£7ï¸âƒ£7ï¸âƒ£\nâ€˜lamb of godâ€™ ğŸ‘ğŸ¤˜ğŸ» in the ears ğŸ§
122, 'ğŸ•Œeid prayers will be hosted at the education city stadium for the first time ever
123, 'for the first time ever
124," ""afghani bowler took buttler's wicket"
125, 'âšªï¸englandâšªï¸\ndefensive transition report \n\nâš½ï¸world cup qatar 2022\nğŸ†š england vs iran\nğŸ•’ 21.11.2022 16:00\nğŸŸï¸ al thumama stadium\n\ndata collected by @hudl sportscode\n\n#football #worldcup2022 #england #iran 
126, 'cause $alpine #sports #football #crypto project pumping!\n\ni expect #p2e #nft #predictipn project $nfrb good movement!\n\n#football seems to be possible meta even if the #worldcup2022 is over!\n\ndaily just breaking out ğŸŒï¸\u200dâ™‚ï¸ 
127, 'bringing the quran to latin america | vlog #9 #worldcup2022 
128, '$nrfb gearing up! fan token 
129," 'with celebrity ""aly goni ""\n@alygoni \nafter performing cupping session ğŸ˜‡ \n\n#alygoni #cupping #cuppingtherapy #hijama #hijamacupping #amas #qatarworldcup2022 #alygoni #jasly #drmahmoodkhan #hijamaguy "
130, 'the world cup was an opportunity for qatar to make a difference and highlight its capabilities as an arab country in the middle east in making a difference and developing in all fields since it was assigned to organize the world cup in 2010.\n#qatar  #qatarworldcup2022 
131, '18-12-2022\nhace 1 mes \nğŸ‡¦ğŸ‡· â­ï¸â­ï¸â­ï¸ â¤ï¸\n\n#messiğ“ƒµ \n#argentinacampeondelmundo \n#qatarworldcup2022 
132, 'jungkook is such a boyfriend material ğŸ˜©âœ¨\n\n#jungkook #jeonjungkook #jk #jungkooklive #jungkookinqatar #jungkookedit #btsjungkook #bts #btspavedthewayforall #btsarmy #dreamers2022 #dreamersbyjungkook #worldcupqatar2022 #qatarworldcup2022 
133, 'iâ€™m down to the last 4! can anyone help me with these please? rts appreciated ğŸ™\nksa3ğŸ‡¸ğŸ‡¦ fra13ğŸ‡«ğŸ‡· por9ğŸ‡µğŸ‡¹ gha18ğŸ‡¬ğŸ‡­\n#panini #gotgotneed #qatarworldcup2022 
134, 'thousands died to make #qatarworldcup2022 possible and this man took his gold pieces from qatari owned television.'
135, 'lowkey freaking out rn! 1/10 messi @paniniamerica #cardcollector  #qatarworldcup2022 
136," ""is this mere coincidence or bola ahmed tinubu belongs to ouroboros?\n\nsame symbol was shown at #qatarworldcup2022 \n\nare there things we need to know about these signs?\n\ndon't just stand on mandate you know nothing about.\nshine your eyes!!! "
137, 'may the anguish in which you have become\nthere will be a close relief behind it.â€ğŸ¤²#whoiscameron #whoiscameronherrin #cameron_herrin_is_innocent #justice4cameronherrin #realmadrid #viralindo #qatarworldcup2022 #newyear2023 #dating_in_riaydh #ucl #xgalx 
138, 'some vibes from fifa world cup 2022. #qatarworldcup2022 
139, 'happy #ramadan no more \n\n#israel 
140, '6 weeks ago already ğŸ¤©ğŸ˜\ntime really flies\n#qatarworldcup2022 was a hit!ğŸ˜ğŸ”¥ 
141," ""he's retired as a fifa referee after doing a brilliant job at the #qatarworldcup2022 last year!! \n\nhe's now been appointed as @safa_net national referee's committee chairperson. massive role in a world of numerous errors and an absence of var in sa! \n\ntonight on #mswon947 \nğŸ¥ğŸ“»ğŸ“² "
142," '""calm down\xa0Â»\n#worldcup2022 #qatarworldcup2022\n#finale #argentinavsfrance "
143, '#draganstojkoviÄ‡. another best playmakers. he was magnificent at #redstarbelgrade
144, 'global king speaking #1gad #jamaica #ghana #bhimnatives #bhim #worldcup2023 #qatarworldcup2022 #bhimconcert2022 
145, 'night everyone ğŸ˜¢ 
146, 'ğŸ¤£ğŸ¤£ğŸ¤£ğŸ¤£ğŸ¤£ğŸ¤£\nis that the england fan from #qatarworldcup2022 ???\n#carabaocupfinal #mufc 
147, 'welcome @thogden and @nicocantor1 to morocco. you are our two non moroccan favorites that supported us during #qatarworldcup2022. your videos were shared among a lot of us. enjoy your stay. we would love to see pics and videos from your trip. ğŸ¥°\n\n#fifaclubworldcup #tangier 
148, 'yet they complained #qatarworldcup2022 didnâ€™t serve kosher and provide synagogues to pray. zionists are hypocrites. they demand and only take from others.'
149, '18-12-2022 \n18-03-2023\n3 meses â­ï¸â­ï¸â­ï¸ğŸ‡¦ğŸ‡·\n\n#argentinacampeondelmundo \n#qatarworldcup2022 
150, 'bears! did you watch the magical qatar world cup 2022?ğŸŒ\n\nwho were you supporting?âš½ï¸ğŸ†\n\n#aptosbears #qatarworldcup2022 #nfts #aptosnft #nftcommunity 
151," 'with celebrity ""aly goni ""\n@alygoni \nafter performing cupping session ğŸ˜‡ \n\n#alygoni #cupping #cuppingtherapy #hijama #hijamacupping #amas #qatarworldcup2022 #alygoni #jasly #drmahmoodkhan #hijamaguy "
152, 'the world cup was an opportunity for qatar to make a difference and highlight its capabilities as an arab country in the middle east in making a difference and developing in all fields since it was assigned to organize the world cup in 2010.\n#qatar  #qatarworldcup2022 
153, '18-12-2022\nhace 1 mes \nğŸ‡¦ğŸ‡· â­ï¸â­ï¸â­ï¸ â¤ï¸\n\n#messiğ“ƒµ \n#argentinacampeondelmundo \n#qatarworldcup2022 
154, 'i got me some usa boots!\n\n@usmnt @uplandme @fifacom @fifaworldcup #qatarworldcup2022 
155, 'i commend @fifacom decision to impose a 2nd fine on serbia
156, 'lets play football meme #cr7 #leomessi #worldcup2022 #qatarworldcup2022 #ishowspeed #revive #ai #memes 
157, 'jungkook is such a boyfriend material ğŸ˜©âœ¨\n\n#jungkook #jeonjungkook #jk #jungkooklive #jungkookinqatar #jungkookedit #btsjungkook #bts #btspavedthewayforall #btsarmy #dreamers2022 #dreamersbyjungkook #worldcupqatar2022 #qatarworldcup2022 
158, 'thousands died to make #qatarworldcup2022 possible and this man took his gold pieces from qatari owned television.'
159," ""is this mere coincidence or bola ahmed tinubu belongs to ouroboros?\n\nsame symbol was shown at #qatarworldcup2022 \n\nare there things we need to know about these signs?\n\ndon't just stand on mandate you know nothing about.\nshine your eyes!!! "
160, 'some vibes from fifa world cup 2022. #qatarworldcup2022 
161, '6 weeks ago already ğŸ¤©ğŸ˜\ntime really flies\n#qatarworldcup2022 was a hit!ğŸ˜ğŸ”¥ 
162," ""he's retired as a fifa referee after doing a brilliant job at the #qatarworldcup2022 last year!! \n\nhe's now been appointed as @safa_net national referee's committee chairperson. massive role in a world of numerous errors and an absence of var in sa! \n\ntonight on #mswon947 \nğŸ¥ğŸ“»ğŸ“² "
163, 'what a beautiful @qatarairways a380 in middle october 2022 before @fifaworldcup in qatar. i can see sticker on qatar a380 at @heathrowairport. ğŸ‡¶ğŸ‡¦\n\n#avgeek #aviation #planespotting #qatarairways #qatarworldcup2022 
164," '""calm down\xa0Â»\n#worldcup2022 #qatarworldcup2022\n#finale #argentinavsfrance "
165, '#draganstojkoviÄ‡. another best playmakers. he was magnificent at #redstarbelgrade
166, 'global king speaking #1gad #jamaica #ghana #bhimnatives #bhim #worldcup2023 #qatarworldcup2022 #bhimconcert2022 
167, 'night everyone ğŸ˜¢ 
168, 'ğŸ¤£ğŸ¤£ğŸ¤£ğŸ¤£ğŸ¤£ğŸ¤£\nis that the england fan from #qatarworldcup2022 ???\n#carabaocupfinal #mufc 
169, 'welcome @thogden and @nicocantor1 to morocco. you are our two non moroccan favorites that supported us during #qatarworldcup2022. your videos were shared among a lot of us. enjoy your stay. we would love to see pics and videos from your trip. ğŸ¥°\n\n#fifaclubworldcup #tangier 
170, '18-12-2022 \n18-03-2023\n3 meses â­ï¸â­ï¸â­ï¸ğŸ‡¦ğŸ‡·\n\n#argentinacampeondelmundo \n#qatarworldcup2022 
171, 'bears! did you watch the magical qatar world cup 2022?ğŸŒ\n\nwho were you supporting?âš½ï¸ğŸ†\n\n#aptosbears #qatarworldcup2022 #nfts #aptosnft #nftcommunity 
172, 'just like in #qatarworldcup2022'
173, 'added 1 of only 3 created kings of england to my match ready lions @cryptocomnft collection today ğŸ‘‘ @loadedlions_cdc âš½ï¸\n\n#fifaworldcup2022 #nftcollection \n#threelions #lionking #loadedlions #england #unitedkingdom #nfts  #qatarworldcup2022 #crofam 
174, 'ğŸ‡¬ğŸ‡§ england premier league match day #epl\n\nğŸ†š #chelsea v #brighton\nâ° sat 15 apr
175, 'good morning and welcome to the thursday edition of \n#guidesports with @nii_akwei87 ğŸ™ğŸ“»\n\ntune in now on @guideradio915 ğŸ“¡ğŸ‡¬ğŸ‡­\n \nproudly brought to you by @betway_gh \n\n#guidesports | #fifaworldcup |#qatarworldcup2022 
176, 'raw emotion\n\nthrough back 18 dec
177, '@theeuropeanlad Ã¡lvarezğŸ‡¦ğŸ‡· socres goal today with @mancityes ğŸ´\u000e0067\u000e0062\u000e0065\u000e006e\u000e0067\u000e007fcomplete6âƒ£âš½ï¸in #premierleague 22-23 and 1âƒ£3âƒ£âš½ï¸toal with the citizens\ngoal of  world champion #qatarworldcup2022 \nğŸ•·ï¸on fireğŸ”¥\n@mancityfra @mancityfans2015 @mancitycatala @mancityfan36 @mancityindo @mancityfra @mcfdotnet @luisferpo 
178, 'qatar spied on top swiss prosecutor probing fifa â€“ report #qatarworldcup2022 #fifa 
179," ""@jakubjanktojr we're all with you"
180, 'a7-bck boeing 787-8\nqatar flight qr99\n\ndohâ¡ï¸â¡ï¸gva\n\nfl400\n25.12.2023\n\n#rnav #rnavspotters #qatar #qatar787 #qatarworldcup2022 #worldcup #worldcup2022 #qatarairways @qatarairways #qatarfans #boeing @boeingairplanes @sx60contrails @planespottingbe 
181, 'great pleasure welcoming dr rachid bin shafeea al-mari
182, 'iâ€™m down to the last 4! can anyone help me with these please? rts appreciated ğŸ™\nksa3ğŸ‡¸ğŸ‡¦ fra13ğŸ‡«ğŸ‡· por9ğŸ‡µğŸ‡¹ gha18ğŸ‡¬ğŸ‡­\n#panini #gotgotneed #qatarworldcup2022 
183, 'looking forward to this event @nuqatar discussing (media) legacies of #qatarworldcup2022 with my colleagues @claudiakozman
184, 'lowkey freaking out rn! 1/10 messi @paniniamerica #cardcollector  #qatarworldcup2022 
185, 'may the anguish in which you have become\nthere will be a close relief behind it.â€ğŸ¤²#whoiscameron #whoiscameronherrin #cameron_herrin_is_innocent #justice4cameronherrin #realmadrid #viralindo #qatarworldcup2022 #newyear2023 #dating_in_riaydh #ucl #xgalx 
186, 'happy #ramadan no more \n\n#israel 
187, 'fifa wc is the real rug lol\ncan someone explain how that was offside?\n\n#qatarworldcup2022 #qatarvsecuador'
188," ""following the #qatarworldcup2022"
189, 'our guest @jnorthcroft talking about his journey to becoming chief football writer for @thetimes including stories about duncan ferguson and covering the #qatarworldcup2022 #cujufest @covcampus 
190, 'breaking: .@walidregraguiof
191, 'if benzema and kantÃ© was fit for the #qatarworldcup2022  to support mbappe
192," ""lionel messi regrets his comments and reaction after #qatarworldcup2022 qf win against the netherlands.\n\nâ€œi don't like what i did. there was a lot of tension. it came out naturally. a lot had happened with weghorst and two others during the game. i don't like this picture.â€ "
193, 'yet they complained #qatarworldcup2022 didnâ€™t serve kosher and provide synagogues to pray. zionists are hypocrites. they demand and only take from others.'
194, 'got everything i need now (and all official
195, 'the nazis are still bitter about the #qatarworldcup2022'
196, 'konje we still have ndah ğŸ¥ºğŸ¥º'
197, 'fifa wc is the real rug lol\ncan someone explain how that was offside?\n\n#qatarworldcup2022 #qatarvsecuador'
198, 'shocking scenes currently ongoing in naples:\n\nguerrilla in downtown
199," ""indian ultra-runner 'sufia sufi'"
200, 'is he back from #qatarworldcup2022 ğŸ¤­ğŸ¤­ğŸ¤­ğŸ¤­'
201, 'mmassage and sâ€x in doha now available â¤ï¸\nsend a quick message to get my apartment locationğŸ“\n\n#qatarworldcup #qatar2022 \n#qatarnews \n#qa #qatar #qatari \n#qatargate #qatarworldcup2022 \n\n
202, 'last day of the art show i curated
203, 'and just likeâ€¦alavro morata completes the #panini #qatarworldcup2022 album!\n\nthanks to all that helped with swaps! \n\nwhat an effort! #gotgotneed 
204, 'i miss lunchtime world cup games. thanks #qatarworldcup2022 for the fun times.'
205, 'fifa wc is the real rug lol\ncan someone explain how that was offside?\n\n#qatarworldcup2022 #qatarvsecuador'
206, 'the qatar world cup succeeded in changing the mental image of the arabs among other peoples
207, '.@fifaworldcup recap.\n#top5players\n\n#instatfootball #worldcup #qatarworldcup2022 
208, 'better than  #qatarworldcup2022 \n\n#hockeyworldcup2023'
209, 'Ø§Ø±Ø³Ø§Ù„ Ø§Ù„Ø¯ÙØ¹Ø© Ø§Ù„Ø£ÙˆÙ„Ù‰ Ù…Ù† Ø§Ù„Ø¨ÙŠÙˆØª Ø§Ù„Ù…ØªÙ†Ù‚Ù„Ø© Ù„Ù„Ù…ØªØ¶Ø±Ø±ÙŠÙ† Ù…Ù† #Ø²Ù„Ø²Ø§Ù„_Ø³ÙˆØ±ÙŠØ§_ØªØ±ÙƒÙŠØ§ 
210, 'what service do you use to watch live sports?\n\nğŸ”´joyful iptv is the best pick for usa and uk.ğŸ‡ºğŸ‡¸ğŸ‡¨ğŸ‡¦ğŸ‡¬ğŸ‡§\n\n#newsfeed #qatarworldcup2022 #healthy #blessed #uswnt #crypto #likes #networking #borntoraid #grey #lakeside #manx #perloff #youngleaders #groundhopping #d3lax 
211, 'a statue of the fifa president gianni infantino spotted in frankfurtâ€¦ğŸ˜³ 
212, 'not a bad way to open the biggest event in the sport!ğŸ‰ğŸ‡\n\nwell done odishağŸ‘\n\n#hwc2023 | #hockeyworldcup2023 |  #hockeyworldcup\n\n
213, 'this is the kind of thing we witnessed daily at #qatarworldcup2022. hence the justified outrage from the western media'
214, 'great to be back ..an amazing experience of efficiency and technology and most importantly the courteous officials at the @dohanews airport
215, 'asian cup confirmed for jan-feb slot in qatar next year.\n\n#qatar #postline #football #worldcup #qatarworldcup2022 #breakingnews #newsupdate #news #pakistani #india #lahore #karachi #india #footballtraining #footballnews #alaqsamosque #elections2023 #ipl2023 #imrankhanpti 
216, 'are these the same caravans used during the #qatarworldcup2022? great repurposing ğŸ‘ğŸ¾'
217, '#fifaworldcup #qatarworldcup2022 
218, 'ğŸ‡¶ğŸ‡¦ğŸ†|  our world champion
219," ""it's football. and this happened on a football pitch during an official game. if @fifacom has nothing they can do about this"
220," ""we were told"
221, 'months after the qatar world cup
222, 'dear @moi_qataren @qnaenglish #qatar after all the rubbish and disrespect by the uk press and they like if @garylineker please do not invest in the uk by buying #manchesterunited . go somewhere you are respected #qatarworldcup2022'
223," ""a foi about drakeford's jolly to #qatarworldcup2022  gets the"
224," ""hitâ¤ï¸if you still need panini world cup qatar 2022 stickers. i'm considering buying more stock but i need to know what sort of demand there is first #gotgotneed #panini #qatarworldcup2022"""
225, '@fatimabarkatula maybe the @bbc could broadcast all the positives of #qatarworldcup2022  when it came to women-only spaces. and how women from the west and east felt safe and protected during the biggest event in sport. \nbut
226, '24/7 adult tv âˆ˜ over 200+ adult broadcast channels â™€ï¸â™‚ï¸\n\nstart your free trial ğŸ”\n\n#selfimprovement #okwawu4division1 #africa #livars #power #cfc #transfernews #breaking #chart #transfers #gambling #qatarworldcup2022 #footballdrills #pop #naplesflorida 
227, 'as #garylineker appears so focused on the treatment of #migrants he may want to comment on those who facilitated the recent #qatarworldcup2022 which gave him a nice pay day but clearly not them'
228, 'ğŸš©   ğŸš©this project is a scammer ğŸš©    ğŸš© 
229," 'obvious to the doubter; visible to the blind; audible to the deaf!\n\npeter obi is the argentina of the #qatarworldcup2022 &amp; the ""messi"" of #nigeriadecides2023!!\n\nobidatti is the face &amp; hero of #newnigeria2023!ğŸ’¯ğŸ’ƒğŸ’ƒğŸ’ƒ\n\n#peterobi4president2023 #peterobiinadamawa #obidattiinadamawa'"
230, 'this photo is so wholesome. ğŸ¥² 
231, '#photos: argentine corn field planted with face of #qatarworldcup2022 winner #lionelmessi\n\nfield was sown using algorithm that calculated where seeds would need to be planted\n\n
232, 'breaking: more pictures coming in from faisal al-husseini stadium. league cup final unlikely to resume after israeli forces stormed the stadium at halftime and fired teargas into the stands and onto the pitch. 
233, 'tremendously enjoyed visiting today @aspire_academy with my #ipol327 students @guqatar together with prof natalie kochâ€˜s class from @uniheidelberg and yesterdayâ€™s merged class with the students from germany and qatar
234, 'world-recognized #qatarworldcup2022 stadiums are waiting to host another major football tournament &amp; after #qatar was awarded asia cup 2024
235, 'three articles from @guardian and @guardian_sport on the toxic legacy of the #qatarworldcup2022 when it came to workers rights.\n\nit will be interesting to see if fifa even comment now that the world cup is over.\n 
236," ""i can't believe ronaldo's fan finally came to acceptance. thank you #qatarworldcup2022"""
237, '#panama football players are lining up for autograph and pictures with the #goat #lionelmessi \n\nit happened against #australia too in @fifaworldcup when #messiğ“ƒµ knocked them out of the #qatarworldcup2022.\n\nwhich other player gets that treatment?'
238, 'never hype any tournament player and be convinced straight away that they can play in the premier league.\ni canâ€™t believe #gakpo of  liverpool is the one who terrorized defenses in the #qatarworldcup2022 \nhe is now in the #epl forging life ğŸ™ŒğŸ˜¢'
239, '#qatar ğŸ‡¶ğŸ‡¦ @hiaqatar hamad international airport. there is something mesmerizing about a giant #teddybear. \n\ni went looking for a giant @fifaworldcup #qatar2022 #qatarworldcup2022 #soccer ball / #football âš½ï¸ &amp; spotted this instead. #justsaying. #mesmerizing #airports #bestairports 
240, '@saharareporters thatâ€™s how you will continue crying till inec announce peter obi as nigeria president\n\npeter obi is the only widely accepted presidential candidate'
241, 'everyone wants a photo with the goat messi ğŸ˜‚ğŸ”¥ğŸ“¸ 
242, 'the sterling performance of the @ngsupereagles strike force in #europe is a stark reminder of how criminal it was for #nigeria not to have qualified out of #africa for the #qatarworldcup2022. but will any lesson be learnt from the shameful failure to qualify? i doubt it.'
243, 'world cup champion - brazil 1994. please retweet if you like it. 
244, 'world cup champion - italy 1982. please retweet if you like it. 
245, 'group a concludes with 2 interesting games. qatar v netherlands &amp; ecuador v senegal - fifa international soccer  
246," ""#qatar should investigate migrant workers' deaths connected to the #qatarworldcup2022"
247, '@aje_sport alle the respect âœŠ to indonesia ğŸ‡®ğŸ‡©.\n#russia was excluded from #qatarworldcup2022 for occupying part of #ukraine
248, 'world cup champion - brazil 1958. please retweet if you like it. 
249," 'the latestâœï¸global labour column just dropped: ""fight impunity and the newly elected general secretary of the ituc: can we get some answers before march 11?""\n\nread the full articleğŸ‘‰"
250, 'ğŸ“¸ cinematic messi pictures from the 2022 qatar world cup [thread]'
251, '#sport #rugby #football #qatarworldcup2022 
252, '#rodrigodepaul inmortaliza campeonato mundialğŸ‡¦ğŸ‡·ğŸ†ğŸ‡¦ğŸ‡·\n\n
253, 'world cup champion - italy 2006. please retweet if you like it. 
254, 'world cup champion - italy 2006. please retweet if you like it. 
255, '#qatarworldcup2022 stadium update.\n\n#worldcup2022 #worldcup   .  . \n
256, 'q no termine esta locura nunca #argentina #afa #qatarworldcup2022 #latercera #tattoo 1126283923 #lomasdezamora 
257, 'football on money - sports. please retweet if you like it. 
258, 'this was evident during #qatarworldcup2022 in a mild way.'
259," ""manchester united's midfield struggles are well-known. could brighton's world cup winner alexis mac allister be the answer to erik ten hag's prayers?\nread below to find out moreğŸ‘‡\n#mufc #qatarworldcup2022 #bhafc #thepeoplesperson\n"
260, 'world cup champion - brazil 2002. please retweet if you like it. 
261, 'messiğŸ
262, 'the news of #qatarworldcup2022 hosts are injecting more than $ 5 billion in #manchesterunited if the takeover is successfully fueled the shares of the club showcasing the surge of $334 million\n@ronniemarkets @smutoro\n
263, '#qatarworldcup2022\nwhat happened 2 the remedy fund 2 compensate migrant workers 4 wage abuses
264, 'this is #qatar #34 from the official @reddit  world cup nft collection for the last #fifa #worldcup\n\nlow digit #34 from #qatar team from #qatarworldcup2022\n\nlisted for 15 #eth\n\n
265, 'world cup champion - brazil 1970. please retweet if you like it. 
266, 'morocco world cup champions 2022 - sports. please retweet if you like it. 
267," '#dimamaghrib #qatarworldcup2022 #teammorocco ğŸ‡²ğŸ‡¦ğŸ‡²ğŸ‡¦ğŸ‡²ğŸ‡¦ğŸ‡²ğŸ‡¦ğŸ‡²ğŸ‡¦ ""renaissance"" le film sur le nouveau visage du marocğŸ‡²ğŸ‡¦ğŸ‡²ğŸ‡¦ğŸ‡²ğŸ‡¦ğŸ‡²ğŸ‡¦'"
268, 'world cup champion - germany 1974. please retweet if you like it. 
269," '""renaissance"" le film sur le nouveau visage du maroc"
270," '#qatarworldcup2022 famous town village containers donated to #turkeysyriaearthquake affected areas netizens call this great example of recycling &amp; gave them the feeling of ""one world""\n@nrushman @jodyalexander81 \n"
271, 'world cup champion - france 2018. please retweet if you like it. 
272, 'world cup brackets 2022 - sports. please retweet if you like it. 
273, 'long after the final whistle has blown at #qatarworldcup2022
274, 'world cup 2022 playoffs summary chart - sports. please retweet if you like it. 
275, 'croatia world cup champions 2022 (2) - sports. please retweet if you like it. 
276, 'world cup football winners list - sports. please retweet if you like it. 
277, 'world cup champion - italy 1938. please retweet if you like it. 
278, 'important reading on the legacy of #qatarworldcup2022 and the responsibility of sports leagues and the organizers of sporting events regarding #humanrights'
279, 'world cup champion - brazil 2002. please retweet if you like it. 
280, '@reprashida israelâ€™s decision will not make palestinians abandon their land. it merely shows their insecurity and as was obvious from the \n#qatarworldcup2022 they are right too.  all people were proud to show that they believed in palestine and supported its cause against israel. thank you.'
281, 'world cup champion - germany 1990. please retweet if you like it. 
282, '@geeman909 is one not harry kaneâ€™s missed penalty in #qatarworldcup2022 
283, 'world cup champion - brazil 1958. please retweet if you like it. 
284, 'world cup football winners list - sports. please retweet if you like it. 
285, 'morocco world cup champions 2022 - sports. please retweet if you like it. 
286," ""only 9 weeks ago"
287, 'croatia world cup champions 2022 (2) - sports. please retweet if you like it. 
288, 'world cup champion - brazil 1962. please retweet if you like it. 
289, 'world cup champion - france 1998. please retweet if you like it. 
290, 'world cup champion - spain 2010. please retweet if you like it. 
291, 'world cup champion - germany 1954. please retweet if you like it. 
292, 'world cup brackets 2022 - sports. please retweet if you like it. 
293," 'Ø­ØµØ±ÙŠ â€¦ Ù…Ø§ ÙˆØ±Ø§Ø¡ Ø§Ù„ÙƒÙˆØ§Ù„ÙŠØ³ Ù…Ù† Ø§ØºÙ†ÙŠÙ‡ ""dreamersâ€ \nexclusive the making of â€œ #dreamersâ€\n#fahadkubaisi\n#jungkook \n@bts_bighit \n@bts_twt "
294, 'presidente de la #uefa repudiÃ³ ordinario gesto del #dibumartinez para la #final de #qatarworldcup2022 #afa lo que es peor
295, 'world cup champion - england 1966. please retweet if you like it. 
296, 'the world cup - funny. please retweet if you like it. 
297, 'world cup champion - italy 1934 - sports. please retweet if you like it. 
298, 'world cup champion - italy 1934 - sports. please retweet if you like it. 
299, 'world cup champion - brazil 1994. please retweet if you like it. 
300, 'the world cup - funny. please retweet if you like it. 
301, 'world cup champion - argentina 1986. please retweet if you like it. 
302, 'ğŸ¦ making of &lt; dreamers &gt; \n#jungkook (@bts_twt) ft. #fahadkubaisi \n__by fahad al kubaisi \n\nğŸµ #dreamers #qatarworldcup2022 ğŸ†âš½ï¸'
303, 'argentina wins world cup 2022 (3rd title) - sports. please retweet if you like it. 
304, 'argentina wins world cup 2022 (3rd title) - sports (2). please retweet if you like it. 
305, 'en el museo histÃ³rico nacional
306, 'world cup 2022 playoffs summary chart - sports. please retweet if you like it. 
307, 'world cup champion - brazil 1958. please retweet if you like it. 
308, '#qatarworldcup2022  . an unconventional tournament draws the lines of the old world\n#qatar @orientxxi @meriponline @pomed @qudama_khaled @lmdiplo \n 
309, 'i heard the #chinesespyballoon wasnâ€™t really a weatherballoon but the football @hkane sent into the stratosphere when he missed that penalty in #qatarworldcup2022 ğŸ¤£ğŸ¤£ğŸ¤£ğŸ¤£ğŸ¤£ @harrykanefans @spursofficial 
310, 'my findings of streaming the fifa world cup as a fan âš½ï¸ \n \n#sportsbiz #sportstech #4g #5g #video #satellite #mwc23 #uhd #qatar2022 #qatarworldcup2022 #fifaworldcup \n\n
311, 'for more information about the human rights responsibilities of sport sponsors
312, 'world cup champion - italy 2006. please retweet if you like it. 
313, 'football on money - sports. please retweet if you like it. 
314," 'un groupe d\'Ã©lÃ¨ves de la classe de 4e baker ont rÃ©digÃ© le journal "" baker news mai 2023 "" sur le thÃ¨me de la coupe du monde au qatar. \n#pÃ©dagogie #mÃ©dia #qatarworldcup2022 #francais "
315, 'world cup champion - brazil 1962. please retweet if you like it. 
316, 'latest column: â€™fight impunityâ€™ and the newly elected general secretary of the ituc: can we get some answers before march 11? by frank hoffer. the 2nd column by frank hoffer on the situation at the ituc. #qatargate #qatarworldcup2022  
317, 'world cup champion - england 1966. please retweet if you like it. 
318, 'argentina world cup champions 2022 - sports. please retweet if you like it. 
319, 'soccer touchdown! (red) - sports. please retweet if you like it. 
320," ""less than two months after morocco's exceptional run at the #qatarworldcup2022 - the north african nation finds itself at the heart of world football again as it plays host to the club world cup âš½ ğŸ‡²ğŸ‡¦\n\n"
321, 'world cup champion - germany 1990. please retweet if you like it. 
322, 'france world cup champions 2022 (2) - sports. please retweet if you like it. 
323, 'argentina world cup champions 2022 (2) - sports. please retweet if you like it. 
324," ""@goal if mancity gets to the finals of the #ucl i'm sure they'll invite him"
325, 'world cup champion - argentina 1986. please retweet if you like it. 
326, 'argentina world cup champions 2022 (2) - sports. please retweet if you like it. 
327, '#weekendread | @isobellarcher explores the legacy of #qatarworldcup2022: football associations incl #fifa have a responsibility to recognise their responsibilities towards migrant workers who carry the scars of #humanrights abuse\n
328," 'seguimos con lo que estamos realizando el dÃ­a de hoy.\nahora una del ""scratch du oro"" en #qatarworldcup2022 \n\n- nameset #5 @casemiro \n- set parches qatar 2022\n\ndale ese toque Ãºnico sÃ³lo en mono jerseys\n\n#brasil #scratchduoro #casemiro #brazil "
329, 'las 10 palabras que c0razonblanc0 mÃ¡s repite en twitter:\n1) #realmadrid\n2) #barcelona\n3) #qatar2022\n4) temporada\n5) madrid\n6) partidos\n7) #qatarworldcup2022\n8) #cr7ğ“ƒµ\n9) #lvbp\n10) #laliga\n\n#10palabras #toasteed\n
330, 'long after the final whistle has blown at #qatarworldcup2022
331, 'damos inicio c/las primeras del dÃ­a ğŸ˜\ny comenzamos con la personalizaciÃ³n del jersey de senegal #qatarworldcup2022 \n\n- nameset #3 @kkoulibaly26 \n- set parches wc qatar 2022\ndale ese toque Ãºnico sÃ³lo en mono jerseys\n\n#senegal #koulibaly 
332, '@aratiripoty @espn estÃ¡ tan devaluado cÃ³mo el #balondeoro #qatarworldcup2022  #penalitos y otritos'
333, 'es obvio que metal ğŸ¤£\n\nlas 10 palabras que juandavidjh mÃ¡s repite en twitter:\n1) metal\n2) cali\n3) #qatar2022\n4) #qatarworldcup2022\n5) nameless\n6) esos\n7) colombia\n8) heavy\n9) golazo\n10) never\n\n#10palabras #toasteed\n
334, '@fifaworldcup der hat in #qatarworldcup2022 sehr gefehlt
335, 'another episode of our @cirsguq podcast with reflections about #qatarworldcup2022
336, '#figc #gravinaout #ceferinout cuadrado 3 giornate curva sospesa -15 e rigore al 95 con fallo su kostic ignorato. e le vittime sono loro...#juventusinter il tempo Ã¨ galantuomo a parlare della mediocritÃ  di queste persone sono stati i mondiali in #qatarworldcup2022'
337, '#qatar dat prachtige land
338, '#messi revealed that he would take with him his #worldcup memorabilia
339, '@fifaworldcup @vinijr #brasilien hat toll gespielt
340, 'emitindo uma presenÃ§a incomparÃ¡vel como artista solo para pessoas de todo o mundo.\n\n[nessa mesma votaÃ§Ã£o rm ficou com o 3Â° lugar. totalizando 10.84% dos votos]\n\nğŸ¼ #jungkook #fifaworldcup #qatarworldcup2022'
341, 'Ø´Ù‡Ø§Ø¯Ø§Øª Ù…Ø¹ØªÙ…Ø¯Ø© Ù¡Ù Ù  % Ù…ÙˆØ«ÙˆÙ‚Ù‡\nÙˆÙ…Ø³Ø¬Ù„Ø© Ø¨Ø§Ù„Ù…ÙˆÙ‚Ø¹ Ø§Ù„Ø±Ø³Ù…ÙŠğŸ‘‰\nØ´Ù‡Ø§Ø¯Ø© Ø§Ù„ØªÙˆÙÙ„ â†ª\nØ´Ù‡Ø§Ø¯Ø© Ø§Ù„Ø¢ÙŠÙ„ØªØ³ â†ª\nØ´Ù‡Ø§Ø¯Ø© pmp â†ª\nØ´Ù‡Ø§Ø¯Ø© gmat â†ª\nØ´Ù‡Ø§Ø¯Ø© step â†ª\nÙƒÙŠÙÙŠØ© Ø§Ø³Ù‡Ù„ Ø·Ø±ÙŠÙ‚Ø© Ù„Ù„Ø­ØµÙˆÙ„ Ø¹Ù„Ù‰ Ø´Ù‡Ø§Ø¯Ø§Øª â¬‡ï¸â¬‡ï¸â¬‡ï¸â¬‡ï¸\nğŸ“šØ§ÙŠÙ„ØªØ³ğŸ“šØªÙˆÙÙ„ğŸ“špmp \nğŸ“šğŸ“šğŸ“šğŸ“šğŸ“š \nØ¯ÙˆÙ† Ø¹Ù†Ø§Ø¡\n#Ø§Ù„Ø£Ø±Ø¯Ù†_Ø§Ø³Ø¨Ø§Ù†ÙŠØ§ \n#Ø§ÙŠÙ„ØªØ³ #fifaworldcup\xa0 #qatarworldcup2022'
342, 'filipino man attacked and accused of being gay in qatar... 
343, '@mundodeportivo depende con que la entrenaron #bigdata  o se olvidaron del mundial de #qatarworldcup2022'
344," 'with celebrity ""aly goni ""\n@alygoni \nafter performing cupping session ğŸ˜‡ \n\n#alygoni #cupping #cuppingtherapy #hijama #hijamacupping #amas #qatarworldcup2022 #alygoni #jasly #drmahmoodkhan #hijamaguy "
345, 'the world cup was an opportunity for qatar to make a difference and highlight its capabilities as an arab country in the middle east in making a difference and developing in all fields since it was assigned to organize the world cup in 2010.\n#qatar  #qatarworldcup2022 
346, '18-12-2022\nhace 1 mes \nğŸ‡¦ğŸ‡· â­ï¸â­ï¸â­ï¸ â¤ï¸\n\n#messiğ“ƒµ \n#argentinacampeondelmundo \n#qatarworldcup2022 
347, 'jungkook is such a boyfriend material ğŸ˜©âœ¨\n\n#jungkook #jeonjungkook #jk #jungkooklive #jungkookinqatar #jungkookedit #btsjungkook #bts #btspavedthewayforall #btsarmy #dreamers2022 #dreamersbyjungkook #worldcupqatar2022 #qatarworldcup2022 
348, 'iâ€™m down to the last 4! can anyone help me with these please? rts appreciated ğŸ™\nksa3ğŸ‡¸ğŸ‡¦ fra13ğŸ‡«ğŸ‡· por9ğŸ‡µğŸ‡¹ gha18ğŸ‡¬ğŸ‡­\n#panini #gotgotneed #qatarworldcup2022 
349, 'thousands died to make #qatarworldcup2022 possible and this man took his gold pieces from qatari owned television.'
350, 'lowkey freaking out rn! 1/10 messi @paniniamerica #cardcollector  #qatarworldcup2022 
351," ""is this mere coincidence or bola ahmed tinubu belongs to ouroboros?\n\nsame symbol was shown at #qatarworldcup2022 \n\nare there things we need to know about these signs?\n\ndon't just stand on mandate you know nothing about.\nshine your eyes!!! "
352, 'may the anguish in which you have become\nthere will be a close relief behind it.â€ğŸ¤²#whoiscameron #whoiscameronherrin #cameron_herrin_is_innocent #justice4cameronherrin #realmadrid #viralindo #qatarworldcup2022 #newyear2023 #dating_in_riaydh #ucl #xgalx 
353, 'some vibes from fifa world cup 2022. #qatarworldcup2022 
354, 'happy #ramadan no more \n\n#israel 
355, '6 weeks ago already ğŸ¤©ğŸ˜\ntime really flies\n#qatarworldcup2022 was a hit!ğŸ˜ğŸ”¥ 
356," ""he's retired as a fifa referee after doing a brilliant job at the #qatarworldcup2022 last year!! \n\nhe's now been appointed as @safa_net national referee's committee chairperson. massive role in a world of numerous errors and an absence of var in sa! \n\ntonight on #mswon947 \nğŸ¥ğŸ“»ğŸ“² "
357," '""calm down\xa0Â»\n#worldcup2022 #qatarworldcup2022\n#finale #argentinavsfrance "
358, '#draganstojkoviÄ‡. another best playmakers. he was magnificent at #redstarbelgrade
359, 'global king speaking #1gad #jamaica #ghana #bhimnatives #bhim #worldcup2023 #qatarworldcup2022 #bhimconcert2022 
360, 'night everyone ğŸ˜¢ 
361, 'ğŸ¤£ğŸ¤£ğŸ¤£ğŸ¤£ğŸ¤£ğŸ¤£\nis that the england fan from #qatarworldcup2022 ???\n#carabaocupfinal #mufc 
362, 'welcome @thogden and @nicocantor1 to morocco. you are our two non moroccan favorites that supported us during #qatarworldcup2022. your videos were shared among a lot of us. enjoy your stay. we would love to see pics and videos from your trip. ğŸ¥°\n\n#fifaclubworldcup #tangier 
363, 'yet they complained #qatarworldcup2022 didnâ€™t serve kosher and provide synagogues to pray. zionists are hypocrites. they demand and only take from others.'
364, '18-12-2022 \n18-03-2023\n3 meses â­ï¸â­ï¸â­ï¸ğŸ‡¦ğŸ‡·\n\n#argentinacampeondelmundo \n#qatarworldcup2022 
365, 'bears! did you watch the magical qatar world cup 2022?ğŸŒ\n\nwho were you supporting?âš½ï¸ğŸ†\n\n#aptosbears #qatarworldcup2022 #nfts #aptosnft #nftcommunity 
366, 'great team spirit
367, 'most viral pic of the year 2022\n#messi \n#argentina\n#champions\n#fifaworldcup2022qatar\nğŸ†ğŸ†ğŸ†ğŸ‡¦ğŸ‡·ğŸ‡¦ğŸ‡·ğŸ‡¦ğŸ‡·â¤ï¸â¤ï¸â¤ï¸ 
368, 'messi and argentina vs mbappÃ© and france in world cup final ğŸ‘€\n\nthis is going to be a blockbuster ğŸ¿\n\n#fifaworldcup\xa0\xa0\xa0#fifaworldcup2022qatar #argentinavsfrance 
369, 'football is nothing without lionel messi â™¥ï¸â™¥ï¸â™¥ï¸â™¥ï¸\nwhat a career
370, 'palestinian singer dalal abu amna wears both the #palestinian and #moroccan scarves during the morocco-france world cup semi-final match. ğŸ‡²ğŸ‡¦ğŸ‡µğŸ‡¸\n#fifaworldcup2022qatar \n#fifaworldcup \n#ÙƒØ£Ø³_Ø§Ù„Ø¹Ø§Ù„Ù…_Ù‚Ø·Ø±2022 
371, 'fifa world cup qatar 2022: play-off for third place\npredict the winners #just_for_fun \n\nnb: follow the page for updates on the new contest during this fifa season.\n\n#fifaworldcup2022qatar #fifaworldcup2022 #fifaworldcup2022 #fifaworldcup2022qatar #fifaworldcup2022qatarğŸ‡¶ğŸ‡¦ 
372, 'fifa football final game \n\n france vs argentina \ni support argentina? and you\n#fifaworldcup2022qatar #fifaworldcupfinal 
373," ""#fifaworldcup today's fixture |\n\n3rd and 4th place \n\ncroatia ğŸ‡­ğŸ‡· vs morocco ğŸ‡²ğŸ‡¦ \n\nvenue : khalifa international stadium \n\nkick-off : 17h00 \n\n#fifaworldcup2022qatar\n#qatar2022 \n#fifaworldcupqatar2022 "
374, 'brilliant game
375, 'congrats to #argentina &amp; #lionelmessi!  #fifaworldcup2022qatar 
376, 'the morocco national team  received a hero welcome in rabat after a splendid showcase put up in #fifaworldcup2022qatar and becoming the first african team to reach semifinals at the world cup ğŸ‡²ğŸ‡¦ ğŸ† 
377, 'ğŸ‡¦ğŸ‡·congratulations #argentina ğŸ‘ #fifaworldcup2022qatar\n@maryamnsharif 
378, 'one man in two \nmessi  linking julian alvarez \n#argentinavscroatia  #fifaworldcup2022qatar  #messiğ“ƒµ  #messi 
379, 'the winning moment!!\nargentina beats france 4-2\n#fifaworldcup2022qatar \n#fifaworldcup \n#fifa \n#argentina 
380," ""#france \nthe defending world cup champion \n will face argentina in sunday's final. \n\n#fifaworldcup2022qatar\n#messi vs #mbappe ğŸ† "
381," ""just get him a very good tactical discipline top notch coach and rightful partner to play with"
382," ""we want this so badly for this man here.\n\nvamos argentina! \n\nlet's do it for this man.\n\n#argfra \n#argentinavsfrance \n#fifaworldcup\u202f\u202f\u202f \n#fifaworldcupfinal \n#fifaworldcup2022qatar "
383, 'congratulations messi.\ncongratulations argentina.\nan absolute thriller of a final.\nperfect end to #fifaworldcup2022qatar \n#argentina2022 #argentinacampeondelmundo 
384, 'messi fan free-kick ğŸ‡§ğŸ‡©ğŸ‡¦ğŸ‡·â¤ï¸\u200dğŸ”¥ from bangladesh ğŸ”¥ #messi #argentina #bangladesh #fifaworldcup2022qatar 
385, 'latest exclusive : #shahrukhkhan talks about the match between #francevsmorocco #framar as he adds â€œkursi ki peti baand ke dekhte hain ğŸ”¥â€ watch him promote #pathaan on match centre live at the #fifa finals on 18th december. #fifaworldcup #fifaworldcup2022qatar #deepikapadukone 
386, 'great team spirit
387, 'most viral pic of the year 2022\n#messi \n#argentina\n#champions\n#fifaworldcup2022qatar\nğŸ†ğŸ†ğŸ†ğŸ‡¦ğŸ‡·ğŸ‡¦ğŸ‡·ğŸ‡¦ğŸ‡·â¤ï¸â¤ï¸â¤ï¸ 
388, 'messi and argentina vs mbappÃ© and france in world cup final ğŸ‘€\n\nthis is going to be a blockbuster ğŸ¿\n\n#fifaworldcup\xa0\xa0\xa0#fifaworldcup2022qatar #argentinavsfrance 
389, 'football is nothing without lionel messi â™¥ï¸â™¥ï¸â™¥ï¸â™¥ï¸\nwhat a career
390, 'palestinian singer dalal abu amna wears both the #palestinian and #moroccan scarves during the morocco-france world cup semi-final match. ğŸ‡²ğŸ‡¦ğŸ‡µğŸ‡¸\n#fifaworldcup2022qatar \n#fifaworldcup \n#ÙƒØ£Ø³_Ø§Ù„Ø¹Ø§Ù„Ù…_Ù‚Ø·Ø±2022 
391, 'fifa world cup qatar 2022: play-off for third place\npredict the winners #just_for_fun \n\nnb: follow the page for updates on the new contest during this fifa season.\n\n#fifaworldcup2022qatar #fifaworldcup2022 #fifaworldcup2022 #fifaworldcup2022qatar #fifaworldcup2022qatarğŸ‡¶ğŸ‡¦ 
392, 'fifa football final game \n\n france vs argentina \ni support argentina? and you\n#fifaworldcup2022qatar #fifaworldcupfinal 
393," ""#fifaworldcup today's fixture |\n\n3rd and 4th place \n\ncroatia ğŸ‡­ğŸ‡· vs morocco ğŸ‡²ğŸ‡¦ \n\nvenue : khalifa international stadium \n\nkick-off : 17h00 \n\n#fifaworldcup2022qatar\n#qatar2022 \n#fifaworldcupqatar2022 "
394, 'brilliant game
395, 'congrats to #argentina &amp; #lionelmessi!  #fifaworldcup2022qatar 
396, 'the morocco national team  received a hero welcome in rabat after a splendid showcase put up in #fifaworldcup2022qatar and becoming the first african team to reach semifinals at the world cup ğŸ‡²ğŸ‡¦ ğŸ† 
397, 'ğŸ‡¦ğŸ‡·congratulations #argentina ğŸ‘ #fifaworldcup2022qatar\n@maryamnsharif 
398, 'one man in two \nmessi  linking julian alvarez \n#argentinavscroatia  #fifaworldcup2022qatar  #messiğ“ƒµ  #messi 
399, 'the winning moment!!\nargentina beats france 4-2\n#fifaworldcup2022qatar \n#fifaworldcup \n#fifa \n#argentina 
400," ""#france \nthe defending world cup champion \n will face argentina in sunday's final. \n\n#fifaworldcup2022qatar\n#messi vs #mbappe ğŸ† "
401," ""just get him a very good tactical discipline top notch coach and rightful partner to play with"
402," ""we want this so badly for this man here.\n\nvamos argentina! \n\nlet's do it for this man.\n\n#argfra \n#argentinavsfrance \n#fifaworldcup\u202f\u202f\u202f \n#fifaworldcupfinal \n#fifaworldcup2022qatar "
403, 'congratulations messi.\ncongratulations argentina.\nan absolute thriller of a final.\nperfect end to #fifaworldcup2022qatar \n#argentina2022 #argentinacampeondelmundo 
404, 'messi fan free-kick ğŸ‡§ğŸ‡©ğŸ‡¦ğŸ‡·â¤ï¸\u200dğŸ”¥ from bangladesh ğŸ”¥ #messi #argentina #bangladesh #fifaworldcup2022qatar 
405, 'latest exclusive : #shahrukhkhan talks about the match between #francevsmorocco #framar as he adds â€œkursi ki peti baand ke dekhte hain ğŸ”¥â€ watch him promote #pathaan on match centre live at the #fifa finals on 18th december. #fifaworldcup #fifaworldcup2022qatar #deepikapadukone 
